{
"width": 1800, "height": 1800,
"format": "jpg",
"pixelSizeInMM": 0.0103983,
"type":"hsh",
"colorspace":"rgb",
"lights": [27.956, 147.017, 204.655, 129.846, 103.916, 188.876, 163.009, -1.541, 192.252, 111.084, -117.752, 193.386, 11.946, -152.119, 202.096, -90.151, -108.241, 211.815, -123.003, -6.100, 224.250, -70.415, 110.254, 219.172, 92.727, 161.785, 164.638, 190.198, 68.317, 139.807, 175.124, -76.918, 157.731, 79.267, -171.059, 161.741, -66.841, -170.971, 168.568, -155.500, -70.824, 183.960, -141.601, 77.288, 193.938, -38.128, 172.756, 176.975, 17.472, 206.215, 130.350, 157.894, 148.537, 106.853, 216.900, -0.622, 106.512, 142.344, -157.947, 117.698, -7.313, -211.143, 120.912, -141.228, -145.300, 138.824, -198.529, -0.220, 146.131, -119.641, 154.471, 151.345, 95.520, 203.738, 77.610, 212.257, 82.315, 62.726, 209.299, -87.714, 67.417, 85.535, -207.547, 80.080, -92.675, -202.622, 87.058, -200.019, -85.638, 104.555, -194.208, 90.211, 113.937, -68.729, 209.208, 96.396, 5.915, 229.334, 46.463, 162.661, 162.608, 30.135, 229.790, 6.414, 22.567, 151.158, -173.251, 35.952, -17.501, -229.306, 33.512, -165.758, -157.292, 56.141, -226.558, -1.491, 69.616, -144.405, 174.615, 69.454, 81.005, 212.862, -2.059, 209.021, 88.122, -8.012, 208.241, -85.927, -16.392, 73.927, -215.065, -4.375, -101.954, -204.634, 4.899, -214.206, -83.758, 29.276, -210.403, 91.867, 43.827, -82.903, 214.476, 24.770],
"nplanes": 27,
"quality": 95,
"materials": [
{
 "scale": [0.413694,0.411925,0.414629,0.633125,0.63783,0.645663,0.327018,0.339734,0.370127,0.437903,0.46567,0.510221,0.182571,0.190576,0.205871,0.189956,0.198417,0.214199,0.184891,0.185494,0.189917,0.174595,0.183477,0.201074,0.196339,0.206415,0.231932],
 "bias": [-1.38221,-1.33756,-1.23969,0.440713,0.441868,0.438577,-0.670932,-0.60493,-0.449844,0.532577,0.535814,0.532436,0.546401,0.550349,0.556234,0.553349,0.531809,0.516418,0.496541,0.470766,0.426651,0.488203,0.486692,0.49736,0.531053,0.527522,0.505939] }
]
}
