{
"width": 1250, "height": 1250,
"format": "jpg",
"pixelSizeInMM": 0.0249553,
"type":"hsh",
"colorspace":"rgb",
"lights": [4.802, 140.072, 212.365, 146.898, 63.444, 195.214, 131.858, -66.668, 206.264, 44.190, -144.767, 203.175, -79.111, -146.613, 188.575, -156.823, -46.659, 191.646, -142.308, 77.725, 193.117, -55.209, 156.126, 189.614, 8.316, 192.656, 155.358, 137.323, 136.592, 154.036, 183.169, 2.612, 169.076, 93.159, 81.350, 223.916, 115.649, -144.739, 166.294, -18.486, -191.454, 156.110, -145.925, -127.943, 153.436, -188.612, 22.957, 159.610, -123.209, 151.269, 151.808, 79.655, 194.338, 123.743, 192.581, 81.762, 125.539, 181.533, -88.641, 139.948, 64.060, -201.658, 120.169, -95.083, -194.108, 108.622, 112.103, 1.326, 230.826, -198.800, -72.741, 119.929, -184.731, 101.309, 122.255, -72.382, 202.805, 110.813, 10.483, 225.638, 73.332, 159.427, 158.934, 77.149, 219.696, 0.531, 98.070, 136.706, -174.734, 90.660, -20.714, -223.791, 78.872, -170.418, -148.794, 71.452, -222.274, 19.477, 85.812, 76.335, -83.297, 230.336, -148.427, 171.012, 70.303, 89.994, 211.420, 40.124, 213.004, 86.738, 27.574, 207.264, -97.364, 51.491, 72.291, -218.222, 37.283, -112.122, -200.756, 35.065, -212.870, -85.935, 44.201, -202.113, 109.773, 29.851, -84.122, 214.005, 35.022, -16.687, -122.868, 223.714, -100.823, -79.496, 220.828, -126.794, 14.455, 221.348, -86.494, 99.957, 218.221, 63.557, 151.320, 191.130],
"nplanes": 27,
"quality": 95,
"materials": [
{
 "scale": [0.71947,0.692812,0.667756,0.918695,0.934347,0.982168,0.612305,0.603211,0.584501,0.953436,0.968559,1.01165,0.609797,0.619238,0.644708,0.469307,0.473583,0.468061,0.420294,0.423851,0.426125,0.447465,0.454208,0.447638,0.603337,0.609813,0.634148],
 "bias": [-0.309216,-0.336887,-0.41548,0.513505,0.512867,0.509693,-0.0552279,-0.063057,-0.110831,0.524352,0.521222,0.520277,0.504355,0.509575,0.511906,0.44067,0.442101,0.423568,0.338174,0.339042,0.300239,0.443608,0.442072,0.421441,0.533679,0.535466,0.54123] }
]
}
