{
"width": 1500, "height": 1500,
"format": "jpg",
"pixelSizeInMM": 0.0107238,
"type":"hsh",
"colorspace":"rgb",
"lights": [14.491, 136.999, 214.177, 114.024, 85.404, 210.568, 155.167, -21.584, 198.397, 112.760, -117.676, 192.289, 7.750, -158.390, 196.591, -104.640, -112.766, 200.980, -142.952, -4.828, 210.115, -90.723, 96.358, 218.108, 79.228, 155.811, 179.486, 179.091, 56.116, 162.957, 170.703, -87.663, 156.790, 75.750, -179.481, 152.265, -65.931, -175.931, 162.670, -168.076, -76.863, 166.903, -158.129, 70.698, 181.318, -55.652, 164.304, 181.020, 7.342, 199.147, 144.834, 151.424, 140.582, 131.032, 209.130, -26.619, 121.958, 140.249, -165.878, 105.595, -3.925, -217.113, 105.807, -154.643, -142.912, 122.530, -153.849, -143.714, 122.610, -203.999, -1.856, 136.212, -143.651, 143.942, 137.447, 81.468, 202.264, 103.160, 211.697, 74.503, 80.336, 201.258, -104.120, 69.424, 80.211, -213.109, 62.414, -95.423, -205.891, 67.458, -209.458, -81.010, 79.648, -202.795, 92.388, 86.908, -84.333, 201.602, 101.725, -4.084, 228.381, 56.934, 163.523, 160.978, 45.687, 229.618, -11.597, 23.588, 151.961, -171.751, 12.406, -12.404, -229.031, 12.938, -171.418, -153.324, 27.226, -229.110, 2.860, 50.010, -161.511, 161.861, 54.800, 75.997, 215.700, 5.546, 212.973, 80.617, -2.303, 207.613, -94.905, 1.897, 75.951, -215.699, 5.393, -101.775, -205.323, 10.391, -214.711, -80.466, 11.987, -209.095, 94.593, 14.778],
"nplanes": 27,
"quality": 95,
"materials": [
{
 "scale": [0.953068,1.0197,1.27898,0.904751,0.944509,1.00084,0.479953,0.445107,0.422963,0.921032,0.955702,0.996073,0.471245,0.495578,0.535411,0.378885,0.385716,0.365642,0.32742,0.338394,0.347661,0.346792,0.347356,0.329781,0.519642,0.550582,0.600208],
 "bias": [-0.612522,-0.519005,-0.211754,0.455555,0.458236,0.455737,-0.511293,-0.542686,-0.413515,0.531386,0.534706,0.531153,0.486844,0.479987,0.468149,0.404431,0.409184,0.441728,0.58511,0.572416,0.571937,0.411921,0.420499,0.395588,0.555948,0.561657,0.568174] }
]
}
