{
"width": 1200, "height": 1200,
"format": "jpg",
"type":"ptm",
"colorspace":"rgb",
"lights": [4.724, 137.574, 214.258, 161.399, 61.810, 181.756, 146.096, -71.491, 192.620, 56.786, -153.327, 191.760, -79.646, -150.111, 184.995, -163.034, -58.722, 181.234, -155.032, 79.209, 180.304, -63.315, 160.441, 182.150, 6.526, 197.016, 148.500, 143.984, 133.322, 149.974, 192.936, -10.382, 154.772, 97.946, 89.921, 217.672, 127.632, -144.657, 155.238, -15.605, -195.827, 149.616, -149.125, -127.654, 149.858, -200.729, 11.879, 141.654, -138.133, 145.158, 142.909, 87.913, 197.868, 107.586, 201.399, 76.792, 110.259, 192.808, -94.456, 112.480, 72.754, -201.815, 112.932, -95.585, -194.312, 107.500, 127.564, -7.379, 221.240, -205.394, -73.887, 102.484, -196.731, 97.584, 98.368, -79.262, 202.825, 104.024, 5.413, 228.506, 55.606, 165.332, 156.464, 62.930, 226.370, -7.671, 69.974, 151.638, -167.971, 71.129, -16.111, -226.995, 63.375, -170.375, -151.689, 59.372, -228.200, 12.019, 56.087, 84.545, -97.795, 220.232, -155.429, 167.715, 54.770, 91.520, 210.653, 17.776, 215.444, 80.095, 21.726, 208.194, -97.655, 25.695, 80.257, -215.403, 22.242, -97.595, -207.626, 13.671, -215.432, -78.870, 13.606, -206.777, 98.528, 9.135, -82.374, 214.132, 13.812, -11.876, -132.020, 217.962, -106.688, -89.541, 213.030, -139.353, 7.252, 212.833, -95.865, 102.763, 212.071, 69.948, 149.708, 189.984],
"nplanes": 18,
"quality": 95,
"materials": [
{
 "scale": [0.698304,0.646897,0.445963,0.394766,0.383297,0.277086,0.438036,0.423621,0.317436,0.416351,0.40274,0.310026,0.346537,0.333807,0.259959,0.445185,0.426051,0.339178],
 "bias": [0,0,0,0.351282,0.364539,0.37029,0.486785,0.483573,0.501069,0.995044,0.994711,0.963275,0.344633,0.347649,0.355433,0.993063,0.992462,0.928312] }
]
}
