{
"width": 4608, "height": 3072,
"format": "jpg",
"pixelSizeInMM": 0.0657732,
"type":"ptm",
"colorspace":"rgb",
"lights": [165.470, -79.127, 168.775, 78.721, -164.993, 169.571, -56.676, -170.856, 173.165, -148.628, -83.849, 184.204, -147.605, 69.528, 192.107, -44.898, 163.570, 185.335, 27.434, 198.202, 143.416, 160.706, 128.029, 133.354, 205.272, -15.193, 132.628, 144.231, -148.959, 129.542, 151.767, -17.365, 201.945, 9.530, -206.119, 131.607, -132.084, -152.316, 140.696, -198.223, -5.364, 146.529, -127.782, 150.336, 148.197, 103.148, 194.321, 97.082, 209.141, 70.882, 94.311, 201.650, -91.521, 92.138, 91.024, -201.488, 93.381, -78.437, -206.066, 95.457, -197.745, -93.857, 100.625, 107.613, -109.448, 201.291, -197.687, 95.215, 98.949, -66.815, 208.878, 99.323, 16.428, 228.218, 53.380, 171.235, 151.566, 54.622, 228.755, -7.630, 52.649, 159.461, -164.449, 50.702, 4.816, -228.922, 51.711, -155.023, -168.410, 52.492, -228.668, 1.318, 54.680, -151.188, 171.691, 53.755, 13.276, -150.728, 203.219, 96.592, 208.152, 14.420, 215.186, 79.730, 14.564, 211.051, -90.022, 14.071, 92.213, -209.949, 12.162, -85.339, -212.698, 10.590, -209.979, -92.600, 14.700, -209.655, 94.070, 39.776, -71.423, 218.539, 36.291, 0.000, 0.000, 0.000, -85.658, -112.606, 211.336, -126.781, -12.545, 221.492, -78.108, 96.427, 223.652, 91.470, 149.606, 178.834, 181.314, 52.207, 161.529, 124.094, 82.515, 205.191],
"nplanes": 18,
"quality": 95,
"materials": [
{
 "scale": [0.61725,0.704238,0.719735,0.246353,0.276592,0.278066,0.234603,0.261422,0.264282,0.540228,0.616816,0.633616,0.123743,0.135964,0.142514,0.529861,0.604458,0.622125],
 "bias": [0.00435377,0.00733476,0.0103078,0.444312,0.446361,0.444504,0.487673,0.486021,0.484393,0.966271,0.957481,0.947315,0.455519,0.453707,0.446335,0.970863,0.961545,0.950858] }
]
}
